2016-03-18T16:00:00-04:00,170
2016-03-18T17:00:00-04:00,175
2016-03-18T18:00:00-04:00,186
2016-03-18T19:00:00-04:00,190
2016-03-18T20:00:00-04:00,200
2016-03-18T21:00:00-04:00,201
2016-03-18T22:00:00-04:00,201
2016-03-18T23:00:00-04:00,201
2016-03-19T00:00:00-04:00,201
2016-03-19T01:00:00-04:00,202
2016-03-19T02:00:00-04:00,202
2016-03-19T03:00:00-04:00,202
2016-03-19T04:00:00-04:00,202
2016-03-19T05:00:00-04:00,202
2016-03-19T06:00:00-04:00,202
2016-03-19T07:00:00-04:00,206
2016-03-19T08:00:00-04:00,206
2016-03-19T09:00:00-04:00,206
2016-03-19T10:00:00-04:00,215
2016-03-19T11:00:00-04:00,219
2016-03-19T12:00:00-04:00,219
2016-03-19T13:00:00-04:00,219
2016-03-19T14:00:00-04:00,220
2016-03-19T15:00:00-04:00,225
2016-03-19T16:00:00-04:00,228
2016-03-19T17:00:00-04:00,230
2016-03-19T18:00:00-04:00,231
2016-03-19T19:00:00-04:00,232
2016-03-19T20:00:00-04:00,234
2016-03-19T21:00:00-04:00,250
2016-03-19T22:00:00-04:00,263
2016-03-19T22:00:00-04:00,263
2016-03-19T23:00:00-04:00,268
2016-03-20T00:00:00-04:00,274
2016-03-20T01:00:00-04:00,299
2016-03-20T02:00:00-04:00,300
2016-03-20T03:00:00-04:00,302
2016-03-20T04:00:00-04:00,303
2016-03-20T05:00:00-04:00,303
2016-03-20T06:00:00-04:00,303
2016-03-20T07:00:00-04:00,303
2016-03-20T08:00:00-04:00,303
2016-03-20T09:00:00-04:00,305
2016-03-20T10:00:00-04:00,305
2016-03-20T11:00:00-04:00,305
2016-03-20T12:00:00-04:00,306
2016-03-20T13:00:00-04:00,306
2016-03-20T14:00:00-04:00,310
2016-03-20T15:00:00-04:00,313
2016-03-20T16:00:00-04:00,313
2016-03-20T17:00:00-04:00,313
2016-03-20T18:00:00-04:00,313
2016-03-20T19:00:00-04:00,313
2016-03-20T20:00:00-04:00,313
2016-03-20T21:00:00-04:00,313
2016-03-20T22:00:00-04:00,313
2016-03-20T23:00:00-04:00,313
2016-03-21T00:00:00-04:00,313
2016-03-21T01:00:00-04:00,313
2016-03-21T02:00:00-04:00,313
2016-03-21T03:00:00-04:00,312
2016-03-21T04:00:00-04:00,312
2016-03-21T05:00:00-04:00,313
2016-03-21T06:00:00-04:00,313
2016-03-21T07:00:00-04:00,313
2016-03-21T08:00:00-04:00,313
2016-03-21T09:00:00-04:00,313
2016-03-21T10:00:00-04:00,313
2016-03-21T11:00:00-04:00,315
2016-03-21T12:00:00-04:00,316
2016-03-21T13:00:00-04:00,316
2016-03-21T14:00:00-04:00,316
2016-03-21T15:00:00-04:00,316
2016-03-21T16:00:00-04:00,316
2016-03-21T17:00:00-04:00,316
2016-03-21T18:00:00-04:00,316
2016-03-21T19:00:00-04:00,314
2016-03-21T20:00:00-04:00,314
2016-03-21T21:00:00-04:00,314
2016-03-21T22:00:00-04:00,316
2016-03-21T23:00:00-04:00,316
2016-03-22T00:00:00-04:00,317
2016-03-22T01:00:00-04:00,317
2016-03-22T02:00:00-04:00,317
2016-03-22T03:00:00-04:00,317
2016-03-22T04:00:00-04:00,317
2016-03-22T05:00:00-04:00,319
2016-03-22T06:00:00-04:00,320
2016-03-22T07:00:00-04:00,320
2016-03-22T08:00:00-04:00,320
2016-03-22T09:00:00-04:00,319
2016-03-22T10:00:00-04:00,321
2016-03-22T11:00:00-04:00,322
2016-03-22T12:00:00-04:00,322
2016-03-22T13:00:00-04:00,322
2016-03-22T14:00:00-04:00,322
2016-03-22T15:00:00-04:00,322
2016-03-22T16:00:00-04:00,322
2016-03-22T17:00:00-04:00,323
2016-03-22T18:00:00-04:00,323
2016-03-22T19:00:00-04:00,323
2016-03-22T20:00:00-04:00,323
2016-03-22T21:00:00-04:00,323
2016-03-22T22:00:00-04:00,323
2016-03-22T23:00:00-04:00,323
2016-03-23T00:00:00-04:00,323
2016-03-23T01:00:00-04:00,323
2016-03-23T02:00:00-04:00,323
2016-03-23T03:00:00-04:00,323
2016-03-23T04:00:00-04:00,322
2016-03-23T05:00:00-04:00,322
2016-03-23T06:00:00-04:00,322
2016-03-23T07:00:00-04:00,322
2016-03-23T08:00:00-04:00,322
2016-03-23T09:00:00-04:00,322
2016-03-23T10:00:00-04:00,322
2016-03-23T11:00:00-04:00,322
2016-03-23T12:00:00-04:00,322
2016-03-23T13:00:00-04:00,322
2016-03-23T14:00:00-04:00,322
2016-03-23T15:00:00-04:00,322
2016-03-23T16:00:00-04:00,322
2016-03-23T17:00:00-04:00,321
2016-03-23T18:00:00-04:00,321
2016-03-23T19:00:00-04:00,321
2016-03-23T20:00:00-04:00,322
2016-03-23T21:00:00-04:00,322
2016-03-23T22:00:00-04:00,321
2016-03-23T23:00:00-04:00,321
2016-03-24T00:00:00-04:00,321
2016-03-24T01:00:00-04:00,321
2016-03-24T02:00:00-04:00,321
2016-03-24T03:00:00-04:00,321
2016-03-24T04:00:00-04:00,321
2016-03-24T05:00:00-04:00,321
2016-03-24T06:00:00-04:00,321
2016-03-24T07:00:00-04:00,321
2016-03-24T08:00:00-04:00,321
2016-03-24T09:00:00-04:00,321
2016-03-24T10:00:00-04:00,323
2016-03-24T11:00:00-04:00,323
2016-03-24T12:00:00-04:00,323
2016-03-24T13:00:00-04:00,323
2016-03-24T14:00:00-04:00,323
2016-03-24T15:00:00-04:00,323
2016-03-24T16:00:00-04:00,323
2016-03-24T17:00:00-04:00,323
2016-03-24T18:00:00-04:00,323
2016-03-24T19:00:00-04:00,324
2016-03-24T20:00:00-04:00,324
2016-03-24T21:00:00-04:00,324
2016-03-24T22:00:00-04:00,326
2016-03-24T23:00:00-04:00,333
2016-03-25T00:00:00-04:00,333
2016-03-25T01:00:00-04:00,332
2016-03-25T02:00:00-04:00,332
2016-03-25T03:00:00-04:00,333
2016-03-25T04:00:00-04:00,333
2016-03-25T05:00:00-04:00,334
2016-03-25T06:00:00-04:00,334
2016-03-25T07:00:00-04:00,334
2016-03-25T08:00:00-04:00,334
2016-03-25T09:00:00-04:00,334
2016-03-25T10:00:00-04:00,334
2016-03-25T11:00:00-04:00,334
2016-03-25T12:00:00-04:00,334
2016-03-25T13:00:00-04:00,334
2016-03-25T14:00:00-04:00,334
2016-03-25T15:00:00-04:00,334
2016-03-25T16:00:00-04:00,334
2016-03-25T17:00:00-04:00,333
2016-03-25T18:00:00-04:00,333
2016-03-25T19:00:00-04:00,333
2016-03-25T20:00:00-04:00,332
2016-03-25T21:00:00-04:00,332
2016-03-25T22:00:00-04:00,332
2016-03-25T23:00:00-04:00,332
2016-03-26T00:00:00-04:00,332
2016-03-26T01:00:00-04:00,333
2016-03-26T02:00:00-04:00,333
2016-03-26T03:00:00-04:00,333
2016-03-26T04:00:00-04:00,333
2016-03-26T05:00:00-04:00,333
2016-03-26T06:00:00-04:00,333
2016-03-26T07:00:00-04:00,333
2016-03-26T08:00:00-04:00,333
2016-03-26T09:00:00-04:00,333
2016-03-26T10:00:00-04:00,332
2016-03-26T11:00:00-04:00,332
2016-03-26T12:00:00-04:00,332
2016-03-26T13:00:00-04:00,332
2016-03-26T14:00:00-04:00,332
2016-03-26T15:00:00-04:00,332
2016-03-26T16:00:00-04:00,332
2016-03-26T17:00:00-04:00,332
2016-03-26T18:00:00-04:00,332
2016-03-26T19:00:00-04:00,332
2016-03-26T20:00:00-04:00,332
2016-03-26T21:00:00-04:00,333
2016-03-26T22:00:00-04:00,334
2016-03-26T23:00:00-04:00,333
2016-03-27T00:00:00-04:00,333
2016-03-27T01:00:00-04:00,333
2016-03-27T02:00:00-04:00,335
2016-03-27T03:00:00-04:00,335
2016-03-27T04:00:00-04:00,335
2016-03-27T05:00:00-04:00,335
2016-03-27T06:00:00-04:00,335
2016-03-27T07:00:00-04:00,335
2016-03-27T08:00:00-04:00,335
2016-03-27T09:00:00-04:00,337
2016-03-27T10:00:00-04:00,337
2016-03-27T11:00:00-04:00,337
2016-03-27T12:00:00-04:00,337
2016-03-27T13:00:00-04:00,336
2016-03-27T14:00:00-04:00,335
2016-03-27T15:00:00-04:00,335
2016-03-27T16:00:00-04:00,335
2016-03-27T17:00:00-04:00,335
2016-03-27T18:00:00-04:00,335
2016-03-27T19:00:00-04:00,335
2016-03-27T20:00:00-04:00,335
2016-03-27T21:00:00-04:00,335
2016-03-27T22:00:00-04:00,335
2016-03-27T23:00:00-04:00,335
2016-03-28T00:00:00-04:00,335
2016-03-28T01:00:00-04:00,335
2016-03-28T02:00:00-04:00,336
2016-03-28T03:00:00-04:00,336
2016-03-28T04:00:00-04:00,336
2016-03-28T05:00:00-04:00,336
2016-03-28T06:00:00-04:00,336
2016-03-28T07:00:00-04:00,336
2016-03-28T08:00:00-04:00,336
2016-03-28T09:00:00-04:00,337
2016-03-28T10:00:00-04:00,337
2016-03-28T11:00:00-04:00,337
2016-03-28T12:00:00-04:00,337
2016-03-28T13:00:00-04:00,337
2016-03-28T14:00:00-04:00,339
2016-03-28T15:00:00-04:00,338
2016-03-28T16:00:00-04:00,338
2016-03-28T17:00:00-04:00,338
2016-03-28T18:00:00-04:00,338
2016-03-28T19:00:00-04:00,339
2016-03-28T20:00:00-04:00,340
2016-03-28T21:00:00-04:00,342
2016-03-28T22:00:00-04:00,343
